Place,Jan,Feb,Mar,Apr,May,Jun,Jul,Aug,Sept,Oct,Nov,Dec,Start,End,Latitide,Longitude
gajraula,0,0,0,0,0,0,0,0,1,1,1,0,Sept,Nov,28.8360988,78.2452916
bareilly,0,0,0,0,0,0,0,0,0,1,1,1,Oct,Dec,28.3523609,79.4096542
faizabad,1,1,1,0,0,0,0,0,0,1,1,1,Oct,Mar,26.75,82.0
jhansi,1,1,0,0,0,0,0,0,0,0,1,1,Nov,Feb,25.4502464,78.5800085
agra,1,1,1,0,0,0,0,0,0,0,1,1,Nov,Mar,27.1752554,78.0098161
sultanpur,1,1,1,0,0,0,0,0,0,1,1,1,Oct,Mar,26.25,82.0
aligarh,0,1,0,0,0,0,0,0,0,0,0,0,Feb,Feb,27.833333,78.166667
rampur,0,0,0,0,0,0,0,0,0,0,0,0,Null,Null,28.78157495,79.1646758951562
shahjahanpur,1,1,1,0,0,0,0,0,0,1,1,1,Oct,Mar,27.966043,79.775837230898
vrindavan,1,1,1,0,0,0,0,0,0,0,1,1,Nov,Mar,27.5687726,77.684567913148
noida,1,1,0,0,0,0,0,0,0,0,1,1,Nov,Feb,28.5726442,77.3547609
mathura,1,1,1,0,0,0,0,0,0,1,1,1,Oct,Mar,27.4955539,77.6855554
allahabad,1,1,1,0,0,0,0,0,0,0,1,1,Nov,Mar,25.2859603,81.896732069544
kanpur,1,1,1,0,0,0,0,0,0,1,1,1,Oct,Mar,26.4609135,80.3217588
varanasi,1,1,1,0,0,0,0,0,0,1,1,1,Oct,Mar,25.3356491,83.0076292
ayodhya,1,1,1,0,0,0,0,0,0,1,1,1,Oct,Mar,26.7990707,82.2052321
lucknow,0,0,0,0,0,0,0,0,0,0,1,1,Nov,Dec,26.8381,80.9346001
saharanpur,1,1,1,0,0,0,0,0,0,1,1,1,Oct,Mar,29.9637438,77.5427464
ghaziabad,1,1,1,0,0,0,0,0,0,1,1,1,Oct,Mar,28.6711527,77.4120356
chitrakoot,1,1,1,0,0,0,0,0,0,1,1,1,Oct,Mar,25.1743883,80.8691307
moradabad,0,0,0,0,0,0,0,0,1,1,1,0,Sept,Nov,28.8170328,78.7777028569385
fatehpur sikri,1,1,1,1,0,0,0,0,1,1,1,1,Sept,Apr,27.0911655,77.6623984
gorakhpur,0,0,0,0,0,0,0,0,0,1,1,1,Oct,Dec,26.7600217,83.3668129
balrampur,1,1,1,0,0,0,0,0,0,1,1,1,Oct,Mar,27.4295126,82.1854602
garhmukteshwar,0,0,0,0,0,0,0,0,0,0,0,0,Null,Null,Null,Null
etawah,1,1,1,0,0,0,0,0,0,1,1,1,Oct,Mar,26.8063069,78.9969944
lalitpur,1,1,1,0,0,0,0,0,0,1,1,1,Oct,Mar,24.68696695,78.5097682139541
greater noida,0,0,0,0,0,0,0,0,0,0,0,0,Null,Null,28.4670734,77.5137649
meerut,0,0,0,0,0,0,0,0,0,0,1,1,Nov,Dec,28.9963296,77.7061915
kurukshetra,1,1,1,0,0,0,0,0,0,1,1,1,Oct,Mar,30.0,76.75
faridabad,1,1,1,0,0,0,0,0,0,1,1,1,Oct,Mar,28.402837,77.3085626
panchkula,1,1,1,0,0,0,0,0,0,0,1,1,Nov,Mar,30.6975401,76.8551066
hisar,1,1,1,0,0,0,0,0,0,1,1,1,Oct,Mar,29.168807,75.7461103
gurgaon,1,1,0,0,0,0,0,0,0,0,1,1,Nov,Feb,28.48895715,77.0107837846576
panipat,1,1,1,0,0,0,0,0,0,1,1,1,Oct,Mar,29.3912753,76.9771675
sonipat,1,1,0,0,0,0,0,1,1,1,1,1,Aug,Feb,29.05587195,76.895369282819
ambala,0,0,0,0,0,0,0,0,0,1,1,0,Oct,Nov,30.3843674,76.770421
karnal,1,1,1,0,0,0,0,0,0,1,1,1,Oct,Mar,29.6803266,76.9896254
manesar,0,0,0,0,0,0,0,0,0,0,0,0,Null,Null,28.3563923,76.9371834
yamunanagar,1,1,1,0,0,0,0,0,0,1,1,1,Oct,Mar,30.1231349,77.286329
bhiwani,1,1,1,0,0,0,0,0,0,1,1,1,Oct,Mar,28.7931703,76.1391283
kalka,1,1,1,0,0,0,0,0,1,1,1,1,Sept,Mar,30.8366771,76.9369298
bidar,1,1,1,0,0,0,0,0,0,0,1,1,Nov,Mar,43.4379819,-1.5778209214842
bellary,1,1,1,0,0,0,0,0,0,1,1,1,Oct,Mar,15.2485413,76.8323648
manipal,1,1,1,0,0,0,0,0,0,1,1,1,Oct,Mar,13.3519723,74.7870308
bandipur,1,1,0,0,0,0,0,0,0,0,1,1,Nov,Feb,27.937929,84.406784
chikmagalur,1,1,1,0,0,0,0,0,0,1,1,1,Oct,Mar,13.5,75.5
madikeri,1,1,1,0,0,0,0,0,0,1,1,1,Oct,Mar,12.4204003,75.740031
hubli,1,1,1,1,1,0,0,0,0,0,0,0,Jan,May,15.3518378,75.1379848
tumkur,1,1,1,0,0,0,0,0,0,1,1,1,Oct,Mar,13.4999406,77.0002445
nagarhole,1,1,1,1,1,0,0,0,0,1,1,1,Oct,May,12.0152377,76.1544871
shimoga,1,1,1,0,0,0,0,0,0,1,1,1,Oct,Mar,13.9311723,75.569737
coorg,1,1,1,0,0,0,0,0,0,0,1,1,Nov,Mar,12.9363343,77.6151183
hospet,1,1,0,0,0,0,0,0,0,1,1,1,Oct,Feb,49.115635,10.754535
gangavathi,1,1,1,0,0,0,0,0,0,1,1,1,Oct,Mar,Null,Null
udupi,1,1,1,0,0,0,0,0,0,1,1,1,Oct,Mar,13.3419169,74.7473232
chitradurga,1,1,1,0,0,0,0,0,0,1,1,1,Oct,Mar,14.2266443,76.4005122
belgaum,1,1,0,0,0,0,0,0,0,0,1,1,Nov,Feb,15.8572666,74.5069343
uttara kannada,0,0,0,0,0,0,0,0,0,0,0,0,Null,Null,14.883333,74.583333
gulbarga,1,0,0,0,0,0,0,0,0,1,1,1,Oct,Jan,17.3310003,76.8334228
hassan,0,0,1,0,0,0,0,0,0,1,0,0,Oct,Mar,34.0203199,-6.82369322142312
badami,1,1,0,0,0,0,0,0,0,1,1,1,Oct,Feb,15.9203874,75.6807865
gokarn,0,0,0,0,0,0,0,0,0,0,0,0,Null,Null,14.5439629,74.3184418
belur,0,0,0,0,0,0,0,0,0,0,0,0,Null,Null,13.1645671,75.8634851
mysore,1,1,1,0,0,0,0,0,0,1,1,1,Oct,Mar,12.3051828,76.6553609
bijapur,1,1,0,0,0,0,0,0,0,1,1,1,Oct,Feb,16.8269911,75.7175387
dandeli,0,0,0,0,0,0,0,0,0,1,1,0,Oct,Nov,15.2490284,74.6236037
mangalore,1,0,0,0,0,0,0,0,0,0,0,1,Dec,Jan,15.9231076,75.7622963
bangalore,1,1,0,0,0,0,0,0,0,1,1,1,Oct,Feb,12.9791198,77.5912997
dharwad,1,1,1,0,0,0,0,0,0,1,1,1,Oct,Mar,15.4540505,75.0066516
raichur,1,1,0,0,0,0,0,0,0,1,1,1,Oct,Feb,16.083333,77.166667
karwar,1,1,1,1,0,0,0,0,0,0,1,1,Nov,Apr,14.8120931,74.1319229
hampi,0,0,0,0,0,0,0,0,0,0,1,0,Nov,Nov,44.8237422,15.88531765
darjeeling,0,0,0,0,0,0,0,0,1,1,1,0,Sept,Nov,26.6821128,88.3290687059284
baharampur,1,1,1,0,0,0,0,0,0,1,1,1,Oct,Mar,24.3795759,88.585572792341
bishnupur,1,1,1,0,0,0,0,0,0,1,1,1,Oct,Mar,23.0758821,87.3146517
durgapur,1,1,1,0,0,0,0,0,0,0,1,1,Nov,Mar,23.5350475,87.3380425
jalpaiguri,1,1,1,0,0,0,0,0,0,1,1,1,Oct,Mar,26.5242986,88.7200216
asansol,0,0,0,0,0,0,0,0,0,1,1,0,Oct,Nov,23.6853219,86.975753
bagdogra,1,1,1,0,0,0,0,0,0,1,1,1,Oct,Mar,26.6988847,88.3200303
mandarmani,1,1,1,1,1,0,0,0,0,1,1,1,Oct,May,21.6647646,87.7053427
birbhum,1,1,1,0,0,0,0,0,0,0,1,1,Nov,Mar,24.062774,87.6908189320474
siliguri,0,0,0,0,0,0,0,0,0,1,1,1,Oct,Dec,26.7164127,88.4309916
kurseong,0,0,0,0,0,1,1,1,0,0,0,0,Jun,Aug,26.8818268,88.2783637
kalimpong,0,0,1,1,1,0,0,0,0,0,0,0,Mar,May,27.07169,88.4729
barddhaman,1,1,1,1,1,0,0,0,0,1,1,1,Oct,May,23.25,87.75
howrah,1,1,0,0,0,0,0,0,0,0,1,1,Nov,Feb,22.5882216,88.323139
kolkata,1,1,1,0,0,0,0,0,0,1,1,1,Oct,Mar,22.5677459,88.3476023
haldia,0,0,0,0,0,0,0,0,0,1,1,1,Oct,Dec,22.028124,88.0632655
murshidabad,1,1,0,0,0,0,0,0,0,1,1,1,Oct,Feb,24.1745993,88.2721335
mirik,1,1,1,1,1,0,0,0,1,1,1,1,Sept,May,26.8881872,88.1888396
surat,1,1,0,0,0,0,0,0,0,1,1,1,Oct,Feb,21.1864607,72.8081281
porbandar,1,1,1,0,0,0,0,0,0,1,1,1,Oct,Mar,21.6409,69.611
vapi,1,1,1,0,0,0,0,0,0,1,1,1,Oct,Mar,20.371603,72.9166501
ahmedabad,1,1,0,0,0,0,0,0,0,0,1,1,Nov,Feb,23.0216238,72.5797068
saputara,0,0,1,1,1,1,1,1,1,1,0,0,Mar,Oct,20.579669,73.7478878
mahesana,1,1,1,0,0,0,0,0,0,1,1,1,Oct,Mar,23.666667,72.5
umbergaon,1,1,1,0,0,0,0,0,0,1,1,1,Oct,Mar,20.1054854,72.8536301
sasan gir,0,0,1,1,0,0,0,0,0,0,0,0,Mar,Apr,21.1685616,70.5971896
gandhinagar,1,1,0,0,0,0,0,0,0,0,1,1,Nov,Feb,23.2232877,72.6492267
palanpur,1,1,1,0,0,0,0,0,0,1,1,1,Oct,Mar,24.1709794,72.4366375
rajkot,1,0,0,0,0,0,0,0,0,1,1,1,Oct,Jan,22.3045769,70.802161
bharuch,1,1,1,0,0,0,0,0,0,1,1,1,Oct,Mar,21.7080427,72.9956936
champaner,1,1,0,0,0,0,0,0,0,0,0,1,Dec,Feb,22.4850337,73.5318948
ambaji,1,1,1,1,0,0,0,0,0,1,1,1,Oct,Apr,24.3332794,72.8496191
anklesvar,1,1,0,0,0,0,0,0,0,1,1,1,Oct,Feb,Null,Null
kutch,1,1,0,0,0,0,0,0,0,0,1,1,Nov,Feb,38.910548,-103.8693974
vadodara,1,1,1,0,0,0,0,0,0,1,1,1,Oct,Mar,22.297076,73.1957373
anand,1,1,1,0,0,0,0,0,0,1,1,1,Oct,Mar,22.5584995,72.9625629
gandhidham,1,1,1,1,0,0,0,1,1,1,1,1,Aug,Apr,23.0718743,70.131715
veraval,0,0,0,0,0,0,0,0,0,0,0,0,Null,Null,20.9057,70.3781
bhuj,0,0,0,0,0,0,0,0,0,1,1,1,Oct,Dec,23.2472446,69.668339
jamnagar,0,0,0,0,0,0,0,0,0,1,1,1,Oct,Dec,22.4732415,70.0552102
bhavnagar,1,1,1,0,0,0,0,0,0,0,0,1,Dec,Mar,21.7718836,72.1416449
balasinor,1,1,1,0,0,0,0,0,0,1,1,1,Oct,Mar,22.9561711,73.3370129
dharampur,1,1,1,0,0,0,0,0,0,1,1,1,Oct,Mar,26.6086382,87.7804203634567
surendranagar,1,1,1,0,0,0,0,0,0,1,1,1,Oct,Mar,22.75,71.666667
junagadh,1,1,1,0,0,0,0,0,0,1,1,1,Oct,Mar,21.5174107,70.4642757
somnath,1,1,1,0,0,0,0,0,0,1,1,1,Oct,Mar,20.8907001,70.4025266
dwarka,1,1,1,0,0,0,0,0,0,0,0,1,Dec,Mar,22.2471009,68.9742446
cuttack,1,1,1,0,0,0,0,0,0,1,1,1,Oct,Mar,20.4686,85.8792
chandipur,1,1,1,0,0,0,0,0,0,1,1,1,Oct,Mar,21.4699365,87.0518592
gopalpur,1,1,0,0,0,0,0,0,0,0,1,1,Nov,Feb,19.2598878,84.9051656
konark,1,1,1,0,0,0,0,0,0,1,1,1,Oct,Mar,19.8899428,86.0923104
jharsuguda,1,1,1,0,0,0,0,0,0,1,1,1,Oct,Mar,21.79725895,84.0090663243789
bhubaneswar,1,1,0,0,0,0,0,0,0,1,1,1,Oct,Feb,20.2603328,85.8393432
simlipal,1,1,1,1,1,0,0,0,0,1,1,1,Oct,May,21.803193,86.3192086586722
dhenkanal,1,1,1,0,0,0,0,0,0,1,1,1,Oct,Mar,20.75,85.5
paradip,1,1,1,0,0,0,0,0,0,1,1,1,Oct,Mar,20.267429,86.6597351
bhadrak,1,1,1,1,1,1,0,0,0,1,1,1,Oct,Jun,21.0633288,86.5053731
raurkela,1,1,1,0,0,0,0,0,0,1,1,1,Oct,Mar,Null,Null
baleshwar,1,1,1,0,0,0,0,0,1,1,1,1,Sept,Mar,21.5,86.75
puri,0,0,0,0,0,0,0,0,0,0,1,0,Nov,Nov,19.8076083,85.8252538
diu,1,1,0,0,0,0,0,0,0,0,1,1,Nov,Feb,20.7137783,70.9853635
daman,1,1,1,0,0,0,0,0,0,1,1,1,Oct,Mar,20.4169701,72.833173
shillong,0,0,1,1,1,0,0,0,0,0,0,0,Mar,May,25.5760154,91.8828027
cherrapunjee,1,0,0,0,0,0,0,0,0,1,1,1,Oct,Jan,Null,Null
hazaribagh,1,1,1,1,0,0,0,0,0,1,1,1,Oct,Apr,23.8903906,85.3150201657408
dhanbad,1,1,1,0,0,0,0,0,0,1,1,1,Oct,Mar,23.7952809,86.4309638
jamshedpur,1,1,0,0,0,0,0,0,0,0,1,1,Nov,Feb,22.8015194,86.2029579
ranchi,0,0,0,0,0,0,0,0,0,1,1,0,Oct,Nov,23.3700354,85.3250132
bokaro,1,1,0,0,0,0,0,0,0,1,1,1,Oct,Feb,23.672514,86.2106449302686
deoghar,1,1,1,0,0,0,0,0,0,1,1,1,Oct,Mar,24.4904945,86.6977106
kasauli,0,0,0,1,1,1,0,0,0,0,0,0,Apr,Jun,30.8999479,76.9619744
solan,0,1,1,1,1,1,1,1,1,1,1,0,Feb,Nov,31.0644844,76.9431139120171
mcleodganj,1,1,1,1,1,1,0,0,1,1,1,1,Sept,Jun,Null,Null
kaza,0,0,0,0,1,1,1,1,1,1,0,0,May,Oct,48.2824625,20.5829851
baddi,0,0,1,1,1,1,1,1,1,0,0,0,Mar,Sept,30.9339975,76.8063071
palampur,0,0,1,1,1,1,0,0,0,0,0,0,Mar,Jun,32.1095492,76.5359534
kulu,1,1,1,1,1,1,0,0,1,1,1,1,Sept,Jun,39.00987075,33.0420640886424
dalhousie,0,0,1,1,1,0,0,0,0,0,0,0,Mar,May,51.106849,-114.1540951
kangra,0,0,1,1,1,1,0,0,0,0,0,0,Mar,Jun,32.166667,76.25
kinnaur,0,0,0,0,0,0,0,0,0,1,0,0,Oct,Oct,31.586346,78.3968441
renukaji,0,0,0,0,0,1,1,1,1,1,0,0,Jun,Oct,Null,Null
hamirpur,1,1,1,0,0,0,0,0,0,1,1,1,Oct,Mar,25.7875002,79.823540274675
narkanda,0,0,0,0,0,0,0,0,0,0,0,0,Null,Null,31.2547508,77.4612694
bhuntar,1,1,0,0,0,0,0,0,0,0,0,0,Jan,Feb,31.8826464,77.1490547
barog,1,1,1,0,0,0,0,0,0,1,1,1,Oct,Mar,30.8900547,77.082189
chamba,0,0,0,1,0,0,0,0,0,0,0,0,Apr,Apr,32.5,76.5
kyelang,0,0,0,0,0,1,1,1,1,0,0,0,Jun,Sept,Null,Null
chail,0,0,0,1,1,1,0,0,1,1,1,0,Sept,Jun,46.2083099,-0.0931668
kufri,0,0,1,0,0,0,0,0,0,0,1,0,Nov,Mar,31.1006627,77.2633837
dharmsala,1,1,1,0,0,0,0,0,1,1,1,1,Sept,Mar,30.5545738,75.7813149
jogindernagar,0,0,0,0,0,0,0,0,1,1,1,1,Sept,Dec,Null,Null
chintpurni,0,0,0,1,1,1,1,1,1,0,0,0,Apr,Sept,31.80677,76.1059713
sangla,0,0,0,0,0,0,0,0,1,1,1,1,Sept,Dec,31.7152142,73.3747769
parwanoo,0,0,1,1,1,0,0,0,0,0,0,0,Mar,May,30.8400872,76.958176
thaneek pura,0,0,0,0,0,0,0,0,0,0,0,0,Null,Null,31.7887959,76.1192649
shimla,0,0,0,0,0,0,0,0,0,0,0,0,Null,Null,31.1041526,77.1709729
manali,0,0,0,0,0,0,1,1,0,0,0,0,Jul,Aug,32.2454608,77.1872926
anantnag,0,0,0,0,1,1,1,1,1,1,0,0,May,Oct,33.7366359,75.1457394
gulmarg,0,0,0,0,1,0,0,0,0,0,0,0,May,May,34.04897,74.39212
patnitop,0,1,1,0,0,0,0,0,0,0,0,0,Feb,Mar,33.09082,75.32639
leh,0,0,0,0,1,1,0,0,0,0,0,0,May,Jun,34.1642029,77.5848133
pangong,0,0,0,0,0,0,0,0,0,0,0,0,Null,Null,34.1613248,77.5825816
nubra valley,0,0,0,0,0,0,1,1,1,0,0,0,Jul,Sept,34.9313414,77.4486215
sonamarg,0,0,0,1,1,1,1,1,1,1,0,0,Apr,Oct,34.302387,75.2965551
kargil,0,0,0,0,1,1,0,0,0,0,0,0,May,Jun,34.5594418,76.1255982
katra,0,0,1,1,1,1,1,1,1,1,1,0,Mar,Nov,54.0214823,24.6963143
jammu,0,1,0,0,0,0,0,0,0,0,0,0,Feb,Feb,32.7185614,74.8580917
pahalgam,0,0,1,1,1,1,0,0,0,0,0,0,Mar,Jun,34.0388907,75.3228625
srinagar,0,0,0,1,1,1,0,0,0,0,0,0,Apr,Jun,34.0747444,74.8204443
mandawa,1,1,1,0,0,0,0,0,0,1,1,1,Oct,Mar,28.0558375,75.1483915
udaipur,1,1,1,0,0,0,0,0,0,1,1,1,Oct,Mar,24.5787228,73.6862551
kota,1,1,0,0,0,0,0,0,0,1,1,1,Oct,Feb,25.0,76.5
shekhawati,1,1,1,0,0,0,0,0,0,0,1,1,Nov,Mar,27.9959965,74.9604565
bundi,1,1,1,0,0,0,0,0,0,1,1,1,Oct,Mar,25.5,75.833333
bhilwara,1,1,1,0,0,0,0,0,0,1,1,1,Oct,Mar,25.5,74.75
chittaurgarh,1,1,1,0,0,0,0,0,0,1,1,1,Oct,Mar,24.5,74.5
alwar,1,1,0,0,0,0,0,0,0,0,1,1,Nov,Feb,27.5,76.5
mount abu,0,0,0,0,0,0,0,0,0,0,0,0,Null,Null,24.592433,72.7081876
banswara,1,1,0,0,0,0,0,0,0,1,1,1,Oct,Feb,23.5,74.333333
kumbhalgarh,1,1,0,0,0,0,0,0,0,1,1,1,Oct,Feb,25.1480528,73.5827479
jodhpur,1,1,0,0,0,0,0,0,0,0,1,1,Nov,Feb,26.2967719,73.0351433
ajmer,1,1,1,0,0,0,0,0,0,0,1,1,Nov,Mar,26.25,74.666667
bikaner,1,1,0,0,0,0,0,0,0,0,1,1,Nov,Feb,28.166667,73.166667
jaisalmer,1,1,0,0,0,0,0,0,0,1,1,1,Oct,Feb,26.9116615,70.9124888
hanumangarh,1,1,1,0,0,0,0,0,0,1,1,1,Oct,Mar,29.37878425,74.3258026624293
pushkar,1,1,1,0,0,0,0,0,0,1,1,1,Oct,Mar,26.4876472,74.5578484
nathdwara,1,1,0,0,0,0,0,0,0,1,1,1,Oct,Feb,24.9303453,73.8224937
jaipur,1,1,1,0,0,0,0,0,0,1,1,1,Oct,Mar,26.9161293,75.8204056
neemrana,1,1,1,0,0,0,0,0,1,1,1,1,Sept,Mar,27.9921616,76.3856561
ranthambore,1,1,1,1,0,0,0,0,0,0,1,1,Nov,Apr,26.0183947,76.4563063859611
behror,1,1,1,0,0,0,0,0,0,1,1,1,Oct,Mar,27.8900657,76.2858227
bharatpur,1,1,0,0,0,0,0,0,0,0,1,1,Nov,Feb,27.2154447,77.4986962
barmer,1,1,1,0,0,0,0,0,1,1,1,1,Sept,Mar,25.75,71.5
sawai madhopur,0,0,0,0,0,0,0,0,0,0,0,0,Null,Null,26.5,76.75
yanam,0,0,0,0,0,0,0,0,0,0,0,0,Null,Null,16.748068,82.216112
karaikal,1,1,1,0,0,0,0,0,0,1,1,1,Oct,Mar,10.916667,79.75
pondicherry,0,0,0,0,0,0,0,0,0,1,1,0,Oct,Nov,-34.0378295,18.3474093
lachung,1,1,1,1,1,1,0,0,0,1,1,1,Oct,Jun,27.7029236,88.7492609
yuksam,0,0,0,0,0,0,0,0,0,0,0,0,Null,Null,27.3651514,88.2329762
aritar,0,0,1,1,1,0,0,0,0,0,0,0,Mar,May,Null,Null
gangtok,0,0,1,1,1,0,0,0,0,0,0,0,Mar,May,27.329046,88.6122673
pelling,0,1,1,1,1,0,0,0,0,0,0,0,Feb,May,27.3003722,88.2356503
tuljapur,1,1,1,0,0,0,0,0,0,1,1,1,Oct,Mar,18.0103904,76.0691572
malshej ghat,1,1,1,0,0,0,0,0,0,1,1,1,Oct,Mar,19.3417108,73.7908886967108
jalgaon,1,1,1,0,0,0,0,0,0,1,1,1,Oct,Mar,21.0137606,75.5627048
vengurla,1,1,1,1,1,0,0,0,0,1,1,1,Oct,May,15.8563,73.6353
pandharpur,1,1,1,0,0,0,0,0,0,1,1,1,Oct,Mar,17.677817,75.3340992
nagpur,0,1,0,0,0,0,0,0,0,0,0,0,Feb,Feb,21.1498134,79.0820556
guhagar,1,1,1,0,0,0,0,0,0,1,1,1,Oct,Mar,17.4835209,73.1900483
wardha,1,1,1,0,0,0,0,0,1,1,1,1,Sept,Mar,20.4355888,78.6463504
kashid,1,1,1,0,0,0,0,0,0,1,1,1,Oct,Mar,18.446166,72.9055592
bordi,1,1,0,0,0,0,0,1,1,1,1,1,Aug,Feb,43.1856202,0.9890094
diveagar,1,0,0,0,0,0,0,0,0,1,1,1,Oct,Jan,18.1689943,72.9901817
amboli,1,1,0,0,0,0,0,0,0,1,1,1,Oct,Feb,15.9620587,73.997911
nashik,1,1,0,0,0,0,0,0,0,1,1,1,Oct,Feb,20.216667,74.083333
mumbai,1,1,0,0,0,0,0,0,0,0,0,1,Dec,Feb,18.9321862,72.8308337
manmad,1,1,1,1,0,1,1,1,1,1,1,1,Jun,Apr,20.2519828,74.4392286
nanded,1,1,1,0,0,0,0,0,0,1,1,1,Oct,Mar,18.916667,77.5
malwan,1,0,0,0,0,0,0,0,0,0,0,1,Dec,Jan,24.96939395,55.2035910928329
lonavala,1,1,1,0,0,0,0,0,0,1,1,1,Oct,Mar,18.7548563,73.4016729
karjat,0,0,0,0,0,0,1,1,0,0,0,0,Jul,Aug,18.9127655,73.3228202
akola,0,0,0,0,0,0,0,0,0,0,0,0,Null,Null,20.76697255,77.2541275298075
palghar,1,1,1,0,0,0,0,0,0,1,1,1,Oct,Mar,19.6978751,72.7686942
shrivardhan,1,1,1,0,0,0,0,0,0,1,1,1,Oct,Mar,18.8274549,73.4000059
sindhudurg,1,1,0,0,0,0,0,0,0,0,1,1,Nov,Feb,16.13135275,73.5021699524798
solapur,1,1,1,0,0,0,0,0,0,1,1,1,Oct,Mar,17.6715272,75.8975502
aurangabad,0,0,0,0,0,0,0,0,0,1,1,1,Oct,Dec,24.75,84.5
lavasa,1,1,1,0,0,0,0,0,1,1,1,1,Sept,Mar,18.4032225,73.5067712
mahabaleshwar,1,1,1,0,0,0,0,0,0,1,1,1,Oct,Mar,17.9242764,73.6575799
amravati,1,1,0,0,0,0,0,0,0,0,1,1,Nov,Feb,20.9316219,77.7588455
igatpuri,1,1,1,0,0,0,0,0,0,1,1,1,Oct,Mar,19.6952545,73.5651436
sawantwadi,1,1,1,0,0,0,0,0,0,1,1,1,Oct,Mar,15.9079601,73.8205306
alibag,1,1,1,0,0,0,0,0,0,0,1,1,Nov,Mar,18.6498427,72.8765469
ajanta,1,1,1,0,0,0,0,0,0,1,1,1,Oct,Mar,20.532524,75.7513692
osmanabad,1,1,1,0,0,0,0,0,0,1,1,1,Oct,Mar,18.1853391,76.0419825
dapoli camp,0,0,0,0,0,0,0,0,0,0,0,0,Null,Null,Null,Null
shirdi,1,1,0,0,0,0,0,0,0,0,0,1,Dec,Feb,19.7668121,74.4754386
khandala,1,1,1,1,0,0,0,0,0,1,1,1,Oct,Apr,21.3469486,79.3930965122662
matheran,1,1,1,1,1,0,0,0,0,1,1,1,Oct,May,18.9901544,73.2700191
raigarh,1,1,1,0,0,0,0,0,0,1,1,1,Oct,Mar,22.5,83.5
dhule,1,1,1,0,0,0,0,0,0,1,1,1,Oct,Mar,20.898,74.7732
pune,1,1,0,0,0,0,0,0,0,1,1,1,Oct,Feb,18.5203062,73.8543185
murud janjira,1,1,1,1,1,1,0,0,1,1,1,1,Sept,Jun,18.3334545,72.9542408
kankavli,1,1,1,0,0,0,0,0,0,1,1,1,Oct,Mar,16.2601673,73.720613
kolhapur,1,1,0,1,1,0,0,0,0,1,1,1,Null,Null,16.7028412,74.2405329
chandrapur,1,1,1,1,1,0,0,0,0,1,1,1,Oct,May,20.0,80.0
panchgani,1,1,1,1,1,0,0,0,1,1,1,1,Sept,May,17.9239543,73.7992681
kudal,0,0,0,0,0,0,0,0,0,0,0,0,Null,Null,16.0092914,73.6887498
kolad,1,1,0,0,0,0,0,0,0,0,0,0,Jan,Feb,18.4059382,73.2072541
bhandardara,1,1,0,0,0,0,0,0,0,1,1,1,Oct,Feb,19.5551306,73.7558419
chikhaldara,1,1,0,0,0,0,0,0,0,1,1,1,Oct,Feb,21.4015758,77.3288834
chiplun,1,1,1,0,0,0,0,0,0,1,1,1,Oct,Mar,17.5322169,73.515724
karad,1,1,1,0,0,0,0,0,0,1,1,1,Oct,Mar,17.2852127,74.1822147
ratnagiri,1,1,1,0,0,0,0,0,0,1,1,1,Oct,Mar,17.27448005,73.2761783699303
dirang,1,1,1,1,0,0,0,0,0,1,1,1,Oct,Apr,27.36008,92.24121
bomdila,0,0,0,1,1,1,1,1,1,1,0,0,Apr,Oct,Null,Null
west siang,0,0,0,0,0,0,0,0,0,0,0,0,Null,Null,28.4,94.55
tawang,0,0,1,1,1,1,1,1,1,0,0,0,Mar,Sept,27.594917,91.8704278
itanagar,1,1,1,0,0,0,0,0,0,1,1,1,Oct,Mar,27.1018415,93.6292125
bhalukpong,0,0,0,0,0,0,0,0,0,0,1,1,Nov,Dec,27.0114865,92.644641
west kameng,0,0,0,0,0,0,0,0,0,0,0,0,Null,Null,27.4,92.35
neil island,0,0,0,0,0,0,0,0,0,0,0,0,Null,Null,-41.9933776,146.936140942354
havelock island,1,1,1,1,0,0,0,0,0,1,1,1,Oct,Apr,11.96523,92.9957840104167
port blair,0,0,0,0,0,0,0,0,0,0,1,1,Nov,Dec,11.6645348,92.7390448
pachmarhi,1,1,1,0,0,0,0,0,0,1,1,1,Oct,Mar,22.4736824,78.4360537
indore,1,1,1,0,0,0,0,0,0,1,1,1,Oct,Mar,22.6666672,75.749998
ratlam,1,1,1,1,1,0,0,0,0,1,1,1,Oct,May,23.583333,75.166667
pench,1,1,1,0,0,0,0,0,0,0,1,1,Nov,Mar,21.8854685,79.1877054
bhopal,1,1,0,0,0,0,0,0,0,0,1,1,Nov,Feb,23.2530923,77.3962718
ujjain,1,1,1,0,0,0,0,0,0,1,1,1,Oct,Mar,23.174597,75.7851423
chanderi,1,1,1,0,0,0,0,0,0,1,1,1,Oct,Mar,24.6972843,78.1199365
mandav,1,1,1,0,0,0,1,1,1,1,1,1,Jul,Mar,31.7070167,76.9287174
gwalior,1,1,1,0,0,0,0,0,0,1,1,1,Oct,Mar,26.2,78.2
orchha,1,1,1,0,0,0,0,0,0,1,1,1,Oct,Mar,25.3528706,78.6402465
jabalpur,1,0,0,0,0,0,0,0,0,1,1,1,Oct,Jan,23.1609382,79.9497166
bandhavgarh,1,1,0,0,0,0,0,0,0,1,1,1,Oct,Feb,23.72433645,80.9280503631337
kanha,0,0,1,0,0,0,0,0,0,0,0,0,Mar,Mar,22.2766989,80.6300919
omkareshwar,1,1,1,0,0,0,0,0,0,1,1,1,Oct,Mar,22.2429799,76.1495705
khajuraho,1,1,0,0,0,0,0,0,0,1,1,1,Oct,Feb,24.8515132,79.9259786
amarkantak,1,1,1,0,0,0,0,0,0,1,1,1,Oct,Mar,22.670465,81.7588417
dewas,1,1,1,0,0,0,0,0,0,1,1,1,Oct,Mar,23.0,76.166667
chhatarpur,1,1,1,0,0,0,0,0,0,1,1,1,Oct,Mar,24.75,79.75
vidisha,1,1,1,0,0,0,0,0,0,1,1,1,Oct,Mar,23.916667,78.0
sagar,1,0,0,0,0,0,0,0,0,0,1,1,Nov,Jan,23.8417793,78.7466817
tezpur,0,0,0,0,0,0,0,0,0,0,0,0,Null,Null,26.6245082,92.7910207
jorhat,1,1,1,0,0,0,0,0,0,1,1,1,Oct,Mar,26.7577925,94.2079645
silchar,0,0,0,0,1,1,0,0,0,0,0,0,May,Jun,24.829588,92.797148
guwahati,1,1,0,0,0,0,0,0,0,0,1,1,Nov,Feb,26.1805978,91.753943
haflong,1,1,1,0,0,0,0,0,0,1,1,1,Oct,Mar,25.1480239,93.0320347
kaziranga,1,1,1,1,0,0,0,0,0,0,1,1,Nov,Apr,26.5787,93.2415
dibrugarh,1,1,1,0,0,0,0,0,0,1,1,1,Oct,Mar,27.4844597,94.9019447
sibsagar,1,1,0,0,0,0,0,0,0,1,1,1,Oct,Feb,26.9834936,94.6394226
hosur,1,1,1,0,0,0,0,0,0,1,1,1,Oct,Mar,12.7328844,77.8309478
mamallapuram,1,1,1,0,0,0,0,0,0,1,1,1,Oct,Mar,12.6195002,80.1936663
thiruchendur,1,1,1,0,0,0,0,0,0,1,1,1,Oct,Mar,8.4960883,78.1291768981867
kumbakonam,1,1,1,0,0,0,0,0,0,1,1,1,Oct,Mar,10.9604108,79.3820861
vellore,1,1,1,0,0,0,0,0,0,1,1,1,Oct,Mar,12.9071753,79.1309695
dindigul,1,1,1,0,0,0,0,0,1,1,1,1,Sept,Mar,10.3655454,77.9695727
ooty,0,0,0,0,1,1,0,0,0,0,0,0,May,Jun,11.4126769,76.7030504
erode,1,1,1,0,0,0,0,0,0,1,1,1,Oct,Mar,11.3306483,77.7276519
tiruvannamalai,1,1,1,0,0,0,0,0,0,1,1,1,Oct,Mar,12.2343228,79.0761989
tirunelveli,1,1,0,0,0,0,0,0,0,1,1,1,Oct,Feb,8.7295261,77.6852354
chennai,1,1,0,0,0,0,0,0,0,0,1,1,Nov,Feb,13.0801721,80.2838331
yelagiri,1,1,0,0,0,0,0,0,0,0,1,1,Nov,Feb,12.5443005,78.5864925
kanchipuram,1,1,0,0,0,0,0,0,0,1,1,1,Oct,Feb,12.836393,79.7053304
cuddalore,1,1,1,0,0,0,0,0,0,1,1,1,Oct,Mar,11.74269375,79.7503064417193
courtalam,1,1,1,0,0,0,1,1,1,1,1,1,Jul,Mar,8.9094725,77.3373717
kanyakumari,0,0,1,0,0,0,0,0,0,0,0,0,Mar,Mar,8.079252,77.5499338
masinagudi,1,1,1,1,1,0,0,0,0,0,0,1,Dec,May,11.5682904,76.6389659
coonoor,1,1,0,0,0,0,0,0,0,1,1,1,Oct,Feb,11.3467442,76.7975583
kotagiri,1,1,1,1,1,0,0,0,0,0,0,1,Dec,May,18.5729602,77.8236852
kodaikanal,0,0,0,1,1,0,0,0,0,0,0,0,Apr,May,10.2351172,77.4938314
coimbatore,0,0,1,0,0,0,0,0,1,0,0,0,Sept,Mar,11.0018115,76.9628425
rameshwaram,1,1,1,1,0,0,0,0,0,1,1,1,Oct,Apr,9.2844657,79.3125553
mayiladuthurai,1,1,1,0,0,0,0,0,0,1,1,1,Oct,Mar,11.1018614,79.6503162
madurai,1,1,0,0,0,0,0,0,0,0,0,1,Dec,Feb,9.9261153,78.1140983
karur,0,0,0,0,0,0,0,0,0,0,0,0,Null,Null,10.9604046,78.077561
salem,1,1,0,0,0,0,0,0,0,1,1,1,Oct,Feb,44.9391565,-123.033121
palani,1,1,1,0,0,0,0,0,0,1,1,1,Oct,Mar,46.603354,1.8883335
thiruvanru,1,1,1,0,0,0,0,0,0,1,1,1,Oct,Mar,Null,Null
teni,1,1,1,1,1,0,0,0,0,1,1,1,Oct,May,12.9424119,-4.0876168
chidambaram,0,0,0,0,0,0,0,0,0,0,0,0,Null,Null,11.3994826,79.6909383
pollachi,1,1,0,0,0,0,0,0,0,0,0,1,Dec,Feb,10.6587809,77.0084257
tiruchirappalli,1,1,1,0,0,0,0,0,0,0,1,1,Nov,Mar,10.8304999,78.6978575
thanjavur,1,1,1,0,0,0,0,0,0,1,1,1,Oct,Mar,10.77666385,79.1412372860112
tenkasi,1,1,1,0,0,0,1,1,1,1,1,1,Jul,Mar,8.9560365,77.3058163
thoothukkudi,1,1,1,0,0,0,0,0,0,1,1,1,Oct,Mar,Null,Null
dharmapuri,1,1,0,0,0,0,0,0,0,0,1,1,Nov,Feb,12.1347988,78.1589864
yercaud,0,0,1,1,1,1,0,0,0,0,0,0,Mar,Jun,11.7852074,78.2075392
krishnagiri,0,0,0,0,0,0,0,0,0,0,0,0,Null,Null,12.5188835,78.2206536
darbhanga,1,1,1,0,0,0,0,0,0,1,1,1,Oct,Mar,26.1569653,85.8995119
patna,0,0,0,0,0,0,0,0,0,1,1,1,Oct,Dec,25.6093239,85.1235252
bodh gaya,1,1,1,0,0,0,0,0,0,1,1,1,Oct,Mar,24.6962612,84.9937642
siwan,1,1,1,0,0,0,0,0,0,1,1,1,Oct,Mar,26.166667,84.5
buxar,1,1,1,1,0,0,0,0,0,1,1,1,Oct,Apr,25.51231115,84.0998815542797
nalanda,1,1,1,0,0,0,0,0,0,1,1,1,Oct,Mar,25.1364914,85.4436546485568
silvassa,1,1,1,0,0,0,0,0,0,0,1,1,Nov,Mar,20.2736768,73.0045787
aizawl,1,1,1,0,0,0,0,0,0,0,1,1,Nov,Mar,23.7414092,92.7209297
dimapur,1,1,1,1,0,0,0,0,0,1,1,1,Oct,Apr,25.9135522,93.7284143
kohima,1,1,1,1,1,0,0,0,0,1,1,1,Oct,May,25.6618755,94.1019156
tirupati,1,1,1,0,0,0,0,0,1,1,1,1,Sept,Mar,13.6316368,79.4231711
dindi,1,1,1,0,0,0,0,0,0,1,1,1,Oct,Mar,16.5375372,78.6880784
cuddapah,1,1,1,0,0,0,0,0,0,0,0,1,Dec,Mar,14.416667,78.75
kakinada,1,1,1,0,0,0,0,0,0,0,1,1,Nov,Mar,16.9437385,82.2350607
guntur,1,1,1,0,0,0,0,0,0,1,1,1,Oct,Mar,16.2915189,80.4541588
vijayawada,1,1,1,0,0,0,0,0,0,1,1,1,Oct,Mar,16.5087586,80.6185102
visakhapatnam,1,1,0,0,0,0,0,0,0,0,1,1,Nov,Feb,17.7231276,83.3012842
kurnool,1,1,0,0,0,0,0,0,0,0,0,1,Dec,Feb,15.6006792,77.896243
adoni,0,0,0,0,0,0,0,0,0,0,0,0,Null,Null,39.913451,9.185837
rajahmundry,1,1,1,0,0,0,0,0,0,1,1,1,Oct,Mar,17.0050454,81.7804732
nellore,1,1,1,0,0,0,0,0,0,1,1,1,Oct,Mar,14.4493717,79.9873763
ongole,1,1,1,0,0,0,0,0,0,1,1,1,Oct,Mar,15.5058714,80.0499454
srisailamgudem devasthanam,0,0,0,0,0,0,0,0,0,0,0,0,Null,Null,Null,Null
puttaparthi,1,1,0,0,0,0,0,0,0,0,1,1,Nov,Feb,14.1636778,77.8124982
wayanad,1,1,1,1,0,0,0,0,0,1,1,1,Oct,Apr,11.7100632,76.1189762479078
changanassery,1,1,0,0,0,0,0,0,0,0,0,1,Dec,Feb,9.4432225,76.5411822
chengannur,0,0,0,0,0,0,0,0,0,0,0,0,Null,Null,9.3182106,76.6142393
ernakulam,1,1,1,0,0,0,0,0,0,1,1,1,Oct,Mar,9.9870993,76.3431013545535
munnar,1,1,0,0,0,0,0,0,0,0,1,1,Nov,Feb,10.0867239,77.060982
thalassery,1,1,1,0,0,0,0,0,0,1,1,1,Oct,Mar,11.7490639,75.4931578
kozhikode,1,1,0,0,0,0,0,0,0,1,1,1,Oct,Feb,11.2446144,75.7759372
guruvayoor,1,1,0,0,0,0,0,0,0,0,0,1,Dec,Feb,10.5950431,76.0417924
varkala,1,1,1,0,0,0,0,0,0,1,1,1,Oct,Mar,8.7352627,76.7080221
thiruvalla,0,0,0,0,0,0,0,0,0,0,0,0,Null,Null,9.3867448,76.5762652
kovalam,1,1,0,0,0,0,0,0,0,0,1,1,Nov,Feb,8.4004698,76.9788156
poovar,1,1,0,0,0,0,0,0,0,1,1,1,Oct,Feb,8.3166853,77.0702441
kannur,1,1,1,0,0,0,1,1,1,1,1,1,Jul,Mar,11.8762254,75.3738043
kottayam,1,1,0,0,0,0,0,0,1,1,1,1,Sept,Feb,9.5916046,76.5221304
thiruvananthapuram,1,1,0,0,0,0,0,0,0,1,1,1,Oct,Feb,8.5058909,76.9570481
thrissur,1,1,0,0,0,0,0,0,0,1,1,1,Oct,Feb,10.5256633,76.2131442
bekal,1,1,1,0,0,0,0,0,0,1,1,1,Oct,Mar,31.640819,-8.0170698
thekkady,0,0,1,1,0,0,0,0,0,0,0,0,Mar,Apr,9.5804995,77.181142
palakkad,1,1,0,0,0,0,0,0,0,0,0,1,Dec,Feb,10.7691989,76.6512469
alleppey,1,1,0,0,0,0,0,0,0,1,1,1,Oct,Feb,51.3678927,-0.2635978
kasaragod,0,0,0,0,0,0,0,0,0,0,0,0,Null,Null,12.502028,74.9899927
kumarakom,1,1,0,0,0,0,0,0,0,1,1,1,Oct,Feb,9.5963291,76.4322398
idukki,0,0,0,0,0,0,0,0,0,0,0,0,Null,Null,9.8497872,76.9797914
bilaspur,1,1,1,0,0,0,0,0,0,1,1,1,Oct,Mar,22.0785627,82.1476475
barnawapara,1,1,1,0,0,0,0,0,0,1,1,1,Oct,Mar,Null,Null
jagdalpur,1,1,1,0,0,0,0,0,0,1,1,1,Oct,Mar,19.0870758,82.0235715
bhilai,1,1,1,0,0,0,0,0,0,1,1,1,Oct,Mar,21.2120677,81.3732849
durg,1,1,1,0,0,0,0,0,0,1,1,1,Oct,Mar,21.1897285,81.2746469
raigarh,1,1,1,0,0,0,0,0,0,1,1,1,Oct,Mar,22.5,83.5
kanker,1,1,1,0,0,0,0,0,0,1,1,1,Oct,Mar,20.11601885,80.7597301217262
raipur,1,1,1,0,0,0,0,0,0,1,1,1,Oct,Mar,21.2379468,81.6336833
nainital,0,0,1,1,1,1,0,0,0,0,0,0,Mar,Jun,29.3920381,79.4555358
kathgodam,0,0,0,0,0,0,0,0,0,0,0,0,Null,Null,29.26621,79.54376
devprayag,0,0,0,0,0,0,0,0,0,0,0,0,Null,Null,Null,Null
sattal,0,0,0,0,0,0,0,0,1,1,1,1,Sept,Dec,29.3486,79.52866
corbett,1,1,1,1,1,1,0,0,0,0,1,1,Nov,Jun,45.5319463,-122.289714
tehri,0,0,0,0,0,0,0,0,0,0,0,0,Null,Null,-7.6691625,138.7199214
haridwar,1,1,0,0,0,0,0,0,0,0,1,1,Nov,Feb,29.9384473,78.1452985
barkot,0,0,0,0,0,0,0,0,0,0,0,0,Null,Null,30.808606,78.205961
rudrapur,0,0,0,0,0,0,0,0,0,0,0,0,Null,Null,28.974744,79.3963951
jageshwar,0,0,1,1,1,1,0,0,1,1,1,0,Sept,Jun,29.63837,79.85413
kedarnath,0,0,0,0,1,1,0,0,0,0,0,0,May,Jun,30.7345609,79.0673204
lansdowne,0,0,1,1,1,1,0,0,0,0,0,0,Mar,Jun,39.9381682,-75.2718507
chakrata,0,0,0,0,0,0,0,0,1,1,1,0,Sept,Nov,30.7013248,77.8703356
rishikesh,0,0,1,1,1,1,0,0,0,0,0,0,Mar,Jun,30.1078741,78.3023052
almora,0,0,0,1,1,1,0,0,0,0,0,0,Apr,Jun,29.6016827,79.6633829
badrinathpuri,0,0,0,0,0,0,0,0,1,1,0,0,Sept,Oct,Null,Null
bageshwar,1,1,0,0,0,0,0,0,0,0,0,1,Dec,Feb,29.837601,79.771398
bhimtal,0,0,0,0,0,0,0,1,1,1,1,0,Aug,Nov,29.3396003,79.5622544
rudraprayag,1,1,1,0,0,0,0,0,0,1,1,1,Oct,Mar,30.28656,78.98072
karanprayag,1,1,1,0,0,0,0,0,0,1,1,1,Oct,Mar,30.2624653,79.2166407
gangotri,0,0,0,1,1,0,0,0,0,0,0,0,Apr,May,30.9943684,78.9398699
chamoli,1,1,1,0,0,0,0,0,0,1,1,1,Oct,Mar,30.5,79.5
srinagar uk,0,0,0,0,0,0,0,0,0,0,0,0,Null,Null,Null,Null
roorkee,0,0,0,0,0,0,0,0,0,0,0,0,Null,Null,29.8693496,77.8902124
joshimath,0,0,0,0,0,0,0,0,0,0,1,0,Nov,Nov,30.5555752,79.5612607
haldwani,1,1,1,0,0,0,0,0,1,1,1,1,Sept,Mar,29.2151635,79.5266898
kanatal,1,1,0,0,0,0,0,0,0,0,0,1,Dec,Feb,Null,Null
mukteshwar,0,0,0,0,0,0,0,0,0,1,1,0,Oct,Nov,29.4706999,79.6473354
champawat,0,0,0,0,0,0,0,0,0,0,0,0,Null,Null,29.3372715,80.0920862
naukuchiatal,0,0,1,1,1,1,0,0,0,0,0,0,Mar,Jun,Null,Null
ghangaria,1,1,1,0,0,0,0,0,0,1,1,1,Oct,Mar,30.7015903,79.5940714
pithoragarh,0,0,1,1,1,1,0,0,0,0,0,0,Mar,Jun,29.5859752,80.2152904
binsar,0,0,0,1,1,1,0,0,0,0,0,0,Apr,Jun,29.66995,79.70993
yamunotri,0,0,0,1,1,1,0,0,0,0,0,0,Apr,Jun,30.999214,78.4626951
guptakashi,1,1,1,0,0,0,0,0,0,1,1,1,Oct,Mar,Null,Null
uttarkashi,0,0,1,1,1,1,0,0,0,0,0,0,Mar,Jun,31.0,78.5
chopta,0,0,1,1,1,1,0,0,0,0,0,0,Mar,Jun,30.3514012,79.0426792
dhanaulti,0,0,1,1,1,1,0,0,0,0,0,0,Mar,Jun,30.424789,78.246201
dehradun,0,0,0,0,1,1,1,1,1,1,0,0,May,Oct,30.3255646,78.0436813
auli,0,0,0,0,1,1,0,0,0,0,0,0,May,Jun,44.2373972,0.7871569
mussoorie,0,0,1,1,1,1,0,0,0,0,0,0,Mar,Jun,30.4569012,78.0782906
ranikhet,0,0,0,0,0,0,0,0,1,1,1,0,Sept,Nov,51.455973,-1.0181455
chaukori,0,0,0,1,1,1,0,0,0,1,1,0,Oct,Jun,29.8386297,80.0314911
kotdwar,1,1,1,0,0,0,0,0,1,1,1,1,Sept,Mar,29.7459823,78.5201358
imphal,1,1,1,0,0,0,0,0,0,1,1,1,Oct,Mar,24.8006088,93.9369998
amritsar,1,1,1,0,0,0,0,0,0,1,1,1,Oct,Mar,31.6343083,74.8736788
kapurthala,1,1,1,0,0,0,0,0,0,1,1,1,Oct,Mar,31.25,75.25
mohali,0,0,0,0,0,0,0,0,0,1,1,0,Oct,Nov,30.7287676,76.7138075
pathankot,1,1,1,1,0,0,0,0,0,1,1,1,Oct,Apr,32.2692452,75.6528858
jalandhar,1,1,0,0,0,0,0,0,0,0,1,1,Nov,Feb,31.3323762,75.576889
patiala,0,0,0,0,0,0,0,0,0,1,1,1,Oct,Dec,30.3295605,76.4127819
fatehgarh sahib,0,0,0,0,0,0,0,0,0,0,0,0,Null,Null,30.5955034,76.4168528131241
gurdaspur,1,1,1,0,0,0,0,0,0,0,1,1,Nov,Mar,32.166667,75.316667
ludhiana,0,1,0,0,0,0,0,0,0,0,0,0,Feb,Feb,30.9090157,75.851601
agartala,1,1,1,0,0,0,0,0,0,1,1,1,Oct,Mar,23.8312377,91.2823821
